"0-6757","Product Line0",""
"1-5491","Product Line1",""
"2-608","Product Line2",""
"3-8679","Product Line3",""
"4-2730","Product Line4",""
"5-5583","Product Line5",""
"6-6455","Product Line6",""
"7-841","Product Line7",""
"8-151","Product Line8",""
"9-7340","Product Line9",""
"10-6600","Product Line10",""
"11-6841","Product Line11",""
"12-2892","Product Line12",""
"13-2886","Product Line13",""
"14-6716","Product Line14",""
"15-1379","Product Line15",""
"16-9088","Product Line16",""
"17-1755","Product Line17",""
"18-5542","Product Line18",""
"19-7146","Product Line19",""
"20-4564","Product Line20",""
"21-7989","Product Line21",""
"22-9017","Product Line22",""
"23-9414","Product Line23",""
"24-3307","Product Line24",""
"25-1521","Product Line25",""
"26-7960","Product Line26",""
"27-8734","Product Line27",""
"28-1680","Product Line28",""
"29-563","Product Line29",""
"30-2528","Product Line30",""
"31-3081","Product Line31",""
"32-4839","Product Line32",""
"33-4689","Product Line33",""
"34-2013","Product Line34",""
"35-5859","Product Line35",""
"36-9145","Product Line36",""
"37-2912","Product Line37",""
"38-6063","Product Line38",""
"39-3932","Product Line39",""
"40-3533","Product Line40",""
"41-2295","Product Line41",""
"42-4142","Product Line42",""
"43-6456","Product Line43",""
"44-3354","Product Line44",""
"45-8800","Product Line45",""
"46-4048","Product Line46",""
"47-866","Product Line47",""
"48-1644","Product Line48",""
"49-3112","Product Line49",""
"50-2000","Product Line50",""
"51-3502","Product Line51",""
"52-3294","Product Line52",""
"53-7900","Product Line53",""
"54-217","Product Line54",""
"55-2945","Product Line55",""
"56-764","Product Line56",""
"57-5265","Product Line57",""
"58-1014","Product Line58",""
"59-6629","Product Line59",""
"60-9785","Product Line60",""
"61-9340","Product Line61",""
"62-2736","Product Line62",""
"63-9751","Product Line63",""
"64-8878","Product Line64",""
"65-4953","Product Line65",""
"66-8397","Product Line66",""
"67-7519","Product Line67",""
"68-5948","Product Line68",""
"69-561","Product Line69",""
"70-4717","Product Line70",""
"71-6483","Product Line71",""
"72-8419","Product Line72",""
"73-4061","Product Line73",""
"74-9170","Product Line74",""
"75-8396","Product Line75",""
"76-5982","Product Line76",""
"77-3334","Product Line77",""
"78-7746","Product Line78",""
"79-6844","Product Line79",""
"80-4893","Product Line80",""
"81-5971","Product Line81",""
"82-483","Product Line82",""
"83-7729","Product Line83",""
"84-4374","Product Line84",""
"85-9060","Product Line85",""
"86-9690","Product Line86",""
"87-6902","Product Line87",""
"88-7111","Product Line88",""
"89-161","Product Line89",""
"90-6139","Product Line90",""
"91-9402","Product Line91",""
"92-7542","Product Line92",""
"93-6929","Product Line93",""
"94-499","Product Line94",""
"95-3049","Product Line95",""
"96-1462","Product Line96",""
"97-4267","Product Line97",""
"98-5009","Product Line98",""
"99-5953","Product Line99",""
"100-1616","Product Line100",""
"101-9149","Product Line101",""
"102-4589","Product Line102",""
"103-1466","Product Line103",""
"104-8625","Product Line104",""
"105-3265","Product Line105",""
"106-3132","Product Line106",""
"107-714","Product Line107",""
"108-3879","Product Line108",""
"109-9515","Product Line109",""
"110-8540","Product Line110",""
"111-7496","Product Line111",""
"112-257","Product Line112",""
"113-2257","Product Line113",""
"114-9981","Product Line114",""
"115-7541","Product Line115",""
"116-4365","Product Line116",""
"117-3602","Product Line117",""
"118-7490","Product Line118",""
"119-9307","Product Line119",""
"120-571","Product Line120",""
"121-9252","Product Line121",""
"122-6477","Product Line122",""
"123-9095","Product Line123",""
"124-9988","Product Line124",""
"125-3938","Product Line125",""
"126-1084","Product Line126",""
"127-357","Product Line127",""
"128-1137","Product Line128",""
"129-1771","Product Line129",""
"130-3119","Product Line130",""
"131-9448","Product Line131",""
"132-9838","Product Line132",""
"133-5052","Product Line133",""
"134-8445","Product Line134",""
"135-4541","Product Line135",""
"136-6381","Product Line136",""
"137-3776","Product Line137",""
"138-4235","Product Line138",""
"139-5299","Product Line139",""
"140-4971","Product Line140",""
"141-2732","Product Line141",""
"142-1586","Product Line142",""
"143-4370","Product Line143",""
"144-948","Product Line144",""
"145-7521","Product Line145",""
"146-9568","Product Line146",""
"147-7584","Product Line147",""
"148-7662","Product Line148",""
"149-7370","Product Line149",""
"150-4952","Product Line150",""
"151-970","Product Line151",""
"152-4869","Product Line152",""
"153-6632","Product Line153",""
"154-1138","Product Line154",""
"155-1130","Product Line155",""
"156-1875","Product Line156",""
"157-9678","Product Line157",""
"158-4053","Product Line158",""
"159-1517","Product Line159",""
"160-1246","Product Line160",""
"161-3425","Product Line161",""
"162-4322","Product Line162",""
"163-947","Product Line163",""
"164-420","Product Line164",""
"165-4092","Product Line165",""
"166-2686","Product Line166",""
"167-1770","Product Line167",""
"168-4892","Product Line168",""
"169-1990","Product Line169",""
"170-6076","Product Line170",""
"171-1531","Product Line171",""
"172-9463","Product Line172",""
"173-7835","Product Line173",""
"174-5551","Product Line174",""
"175-3778","Product Line175",""
"176-7747","Product Line176",""
"177-9208","Product Line177",""
"178-3721","Product Line178",""
"179-2469","Product Line179",""
"180-6513","Product Line180",""
"181-18","Product Line181",""
"182-1629","Product Line182",""
"183-6005","Product Line183",""
"184-9913","Product Line184",""
"185-3779","Product Line185",""
"186-72","Product Line186",""
"187-1074","Product Line187",""
"188-4328","Product Line188",""
"189-9509","Product Line189",""
"190-7063","Product Line190",""
"191-7145","Product Line191",""
"192-6393","Product Line192",""
"193-778","Product Line193",""
"194-5054","Product Line194",""
"195-303","Product Line195",""
"196-8053","Product Line196",""
"197-7712","Product Line197",""
"198-1405","Product Line198",""
"199-9539","Product Line199",""
"200-51","Product Line200",""
"201-3317","Product Line201",""
"202-5724","Product Line202",""
"203-3542","Product Line203",""
"204-8826","Product Line204",""
"205-9070","Product Line205",""
"206-2511","Product Line206",""
"207-8511","Product Line207",""
"208-7311","Product Line208",""
"209-3590","Product Line209",""
"210-4696","Product Line210",""
"211-6688","Product Line211",""
"212-2907","Product Line212",""
"213-960","Product Line213",""
"214-3302","Product Line214",""
"215-9346","Product Line215",""
"216-2313","Product Line216",""
"217-7921","Product Line217",""
"218-4640","Product Line218",""
"219-4528","Product Line219",""
"220-6829","Product Line220",""
"221-1617","Product Line221",""
"222-4448","Product Line222",""
"223-6349","Product Line223",""
"224-193","Product Line224",""
"225-8490","Product Line225",""
"226-6457","Product Line226",""
"227-9305","Product Line227",""
"228-1645","Product Line228",""
"229-4273","Product Line229",""
"230-4441","Product Line230",""
"231-8229","Product Line231",""
"232-1052","Product Line232",""
"233-3449","Product Line233",""
"234-7761","Product Line234",""
"235-5337","Product Line235",""
"236-2079","Product Line236",""
"237-1535","Product Line237",""
"238-7941","Product Line238",""
"239-2427","Product Line239",""
"240-8561","Product Line240",""
"241-7332","Product Line241",""
"242-6110","Product Line242",""
"243-2902","Product Line243",""
"244-1435","Product Line244",""
"245-8771","Product Line245",""
"246-6974","Product Line246",""
"247-8865","Product Line247",""
"248-2914","Product Line248",""
"249-8782","Product Line249",""
"250-7457","Product Line250",""
"251-8819","Product Line251",""
"252-2320","Product Line252",""
"253-6053","Product Line253",""
"254-6434","Product Line254",""
"255-4576","Product Line255",""
"256-6142","Product Line256",""
"257-8135","Product Line257",""
"258-9015","Product Line258",""
"259-7957","Product Line259",""
"260-7081","Product Line260",""
"261-653","Product Line261",""
"262-4401","Product Line262",""
"263-5163","Product Line263",""
"0-3731","Product Group0","192-6393"
"1-4525","Product Group1","163-947"
"2-8824","Product Group2","125-3938"
"3-4486","Product Group3","156-1875"
"4-3124","Product Group4","263-5163"
"5-4071","Product Group5","2-608"
"6-1824","Product Group6","185-3779"
"7-7138","Product Group7","198-1405"
"8-2865","Product Group8","83-7729"
"9-8549","Product Group9","30-2528"
"10-621","Product Group10","70-4717"
"11-3664","Product Group11","175-3778"
"12-9757","Product Group12","191-7145"
"13-9119","Product Group13","146-9568"
"14-3366","Product Group14","237-1535"
"15-6199","Product Group15","16-9088"
"16-157","Product Group16","260-7081"
"17-4493","Product Group17","167-1770"
"18-2304","Product Group18","72-8419"
"19-3470","Product Group19","39-3932"
"20-1252","Product Group20","78-7746"
"21-740","Product Group21","256-6142"
"22-3132","Product Group22","8-151"
"23-8023","Product Group23","55-2945"
"24-4968","Product Group24","163-947"
"25-5955","Product Group25","227-9305"
"26-2626","Product Group26","111-7496"
"27-3389","Product Group27","190-7063"
"28-9892","Product Group28","239-2427"
"29-7868","Product Group29","73-4061"
"30-899","Product Group30","113-2257"
"31-7681","Product Group31","211-6688"
"32-8344","Product Group32","5-5583"
"33-243","Product Group33","92-7542"
"34-4365","Product Group34","65-4953"
"35-7157","Product Group35","253-6053"
"36-6282","Product Group36","146-9568"
"37-6621","Product Group37","86-9690"
"38-5472","Product Group38","86-9690"
"39-984","Product Group39","77-3334"
"40-4048","Product Group40","194-5054"
"41-3628","Product Group41","41-2295"
"42-4420","Product Group42","125-3938"
"43-8930","Product Group43","24-3307"
"44-9928","Product Group44","139-5299"
"45-3362","Product Group45","165-4092"
"46-741","Product Group46","233-3449"
"47-7995","Product Group47","110-8540"
"48-7520","Product Group48","96-1462"
"49-6528","Product Group49","48-1644"
"50-3448","Product Group50","11-6841"
"51-4503","Product Group51","88-7111"
"52-5534","Product Group52","132-9838"
"53-3422","Product Group53","16-9088"
"54-2688","Product Group54","117-3602"
"55-1225","Product Group55","261-653"
"56-4132","Product Group56","100-1616"
"57-538","Product Group57","98-5009"
"58-3725","Product Group58","3-8679"
"59-2566","Product Group59","92-7542"
"60-3045","Product Group60","35-5859"
"61-9978","Product Group61","245-8771"
"62-3328","Product Group62","40-3533"
"63-9806","Product Group63","227-9305"
"64-2172","Product Group64","100-1616"
"65-5973","Product Group65","186-72"
"66-980","Product Group66","20-4564"
"67-5012","Product Group67","6-6455"
"68-3988","Product Group68","128-1137"
"69-2727","Product Group69","204-8826"
"70-6994","Product Group70","218-4640"
"71-4378","Product Group71","135-4541"
"72-7229","Product Group72","233-3449"
"73-4463","Product Group73","96-1462"
"74-7609","Product Group74","140-4971"
"75-967","Product Group75","172-9463"
"76-2004","Product Group76","238-7941"
"77-3348","Product Group77","126-1084"
"78-3222","Product Group78","238-7941"
"79-776","Product Group79","76-5982"
"80-8559","Product Group80","199-9539"
"81-1224","Product Group81","97-4267"
"82-8494","Product Group82","130-3119"
"83-3244","Product Group83","216-2313"
"84-8811","Product Group84","162-4322"
"85-6025","Product Group85","48-1644"
"86-1669","Product Group86","108-3879"
"87-2894","Product Group87","28-1680"
"88-4765","Product Group88","79-6844"
"89-8534","Product Group89","237-1535"
"90-1889","Product Group90","24-3307"
"91-8939","Product Group91","136-6381"
"92-793","Product Group92","141-2732"
"93-2181","Product Group93","33-4689"
"94-2785","Product Group94","29-563"
"95-2113","Product Group95","106-3132"
"96-4404","Product Group96","7-841"
"97-6571","Product Group97","32-4839"
"98-4573","Product Group98","50-2000"
"99-6062","Product Group99","146-9568"
"100-7711","Product Group100","31-3081"
"101-5112","Product Group101","203-3542"
"102-3541","Product Group102","26-7960"
"103-9157","Product Group103","123-9095"
"104-6759","Product Group104","239-2427"
"105-9638","Product Group105","201-3317"
"106-1045","Product Group106","85-9060"
"107-9376","Product Group107","114-9981"
"108-3800","Product Group108","245-8771"
"109-621","Product Group109","182-1629"
"110-8990","Product Group110","142-1586"
"111-5725","Product Group111","145-7521"
"112-4551","Product Group112","83-7729"
"113-8823","Product Group113","162-4322"
"114-627","Product Group114","253-6053"
"115-708","Product Group115","235-5337"
"116-1690","Product Group116","150-4952"
"117-9452","Product Group117","155-1130"
"118-6372","Product Group118","78-7746"
"119-4899","Product Group119","205-9070"
"120-3058","Product Group120","130-3119"
"121-2832","Product Group121","45-8800"
"122-1227","Product Group122","211-6688"
"123-5924","Product Group123","89-161"
"124-9404","Product Group124","18-5542"
"125-4613","Product Group125","244-1435"
"126-2311","Product Group126","108-3879"
"127-8277","Product Group127","247-8865"
"128-6907","Product Group128","207-8511"
"129-6909","Product Group129","158-4053"
"130-7399","Product Group130","242-6110"
"131-673","Product Group131","64-8878"
"132-1611","Product Group132","241-7332"
"133-9405","Product Group133","244-1435"
"134-905","Product Group134","205-9070"
"135-8711","Product Group135","133-5052"
"136-9464","Product Group136","120-571"
"137-3975","Product Group137","195-303"
"138-9293","Product Group138","112-257"
"139-8037","Product Group139","74-9170"
"140-2762","Product Group140","198-1405"
"141-6525","Product Group141","204-8826"
"142-9626","Product Group142","147-7584"
"143-5644","Product Group143","186-72"
"144-9622","Product Group144","191-7145"
"145-1525","Product Group145","124-9988"
"146-7640","Product Group146","70-4717"
"147-6476","Product Group147","102-4589"
"148-4885","Product Group148","263-5163"
"149-2679","Product Group149","97-4267"
"150-7567","Product Group150","160-1246"
"151-210","Product Group151","95-3049"
"152-1713","Product Group152","13-2886"
"153-6440","Product Group153","70-4717"
"154-8853","Product Group154","99-5953"
"155-8474","Product Group155","74-9170"
"156-5690","Product Group156","97-4267"
"157-2665","Product Group157","151-970"
"158-8645","Product Group158","110-8540"
"159-6226","Product Group159","117-3602"
"160-4568","Product Group160","120-571"
"161-4897","Product Group161","234-7761"
"162-216","Product Group162","17-1755"
"163-7053","Product Group163","181-18"
"164-9551","Product Group164","8-151"
"165-8871","Product Group165","181-18"
"166-2620","Product Group166","71-6483"
"167-9628","Product Group167","46-4048"
"168-4197","Product Group168","167-1770"
"169-2824","Product Group169","146-9568"
"170-6133","Product Group170","9-7340"
"171-4242","Product Group171","58-1014"
"172-9073","Product Group172","76-5982"
"173-4278","Product Group173","70-4717"
"174-6332","Product Group174","241-7332"
"175-4002","Product Group175","9-7340"
"176-9750","Product Group176","211-6688"
"177-3622","Product Group177","198-1405"
"178-3944","Product Group178","254-6434"
"179-4881","Product Group179","75-8396"
"180-8369","Product Group180","148-7662"
"181-4970","Product Group181","52-3294"
"182-3178","Product Group182","240-8561"
"183-1502","Product Group183","127-357"
"184-320","Product Group184","186-72"
"185-5873","Product Group185","44-3354"
"186-4066","Product Group186","34-2013"
"187-7819","Product Group187","126-1084"
"188-8866","Product Group188","68-5948"
"189-1074","Product Group189","52-3294"
"190-6545","Product Group190","84-4374"
"191-687","Product Group191","73-4061"
"192-7644","Product Group192","222-4448"
"193-7020","Product Group193","74-9170"
"194-7854","Product Group194","237-1535"
"195-4225","Product Group195","155-1130"
"196-3389","Product Group196","31-3081"
"197-9402","Product Group197","142-1586"
"198-7218","Product Group198","157-9678"
"199-6726","Product Group199","238-7941"
"200-1041","Product Group200","18-5542"
"201-740","Product Group201","257-8135"
"202-4757","Product Group202","87-6902"
"203-8051","Product Group203","226-6457"
"204-1647","Product Group204","157-9678"
"205-8102","Product Group205","222-4448"
"206-9349","Product Group206","196-8053"
"207-723","Product Group207","60-9785"
"208-5725","Product Group208","122-6477"
"209-4042","Product Group209","178-3721"
"210-1049","Product Group210","211-6688"
"211-7283","Product Group211","200-51"
"212-7200","Product Group212","178-3721"
"213-9460","Product Group213","51-3502"
"214-6476","Product Group214","76-5982"
"215-2028","Product Group215","251-8819"
"216-4849","Product Group216","261-653"
"217-2698","Product Group217","130-3119"
"218-1084","Product Group218","130-3119"
"219-2754","Product Group219","116-4365"
"220-5945","Product Group220","255-4576"
"221-8401","Product Group221","191-7145"
"222-3576","Product Group222","151-970"
"223-892","Product Group223","95-3049"
"224-8228","Product Group224","243-2902"
"225-9632","Product Group225","29-563"
"226-4988","Product Group226","180-6513"
"227-4955","Product Group227","260-7081"
"228-3069","Product Group228","240-8561"
"229-4334","Product Group229","52-3294"
"230-6905","Product Group230","189-9509"
"231-4063","Product Group231","220-6829"
"232-2704","Product Group232","227-9305"
"233-3883","Product Group233","203-3542"
"234-5273","Product Group234","72-8419"
"235-4310","Product Group235","123-9095"
"236-1469","Product Group236","71-6483"
"237-9661","Product Group237","20-4564"
"0-9134","Product0","129-6909"
"1-3037","Product1","139-8037"
"2-1766","Product2","202-4757"
"3-9200","Product3","186-4066"
"4-6945","Product4","39-984"
"5-2868","Product5","201-740"
"6-1650","Product6","177-3622"
"7-7230","Product7","29-7868"
"8-2420","Product8","164-9551"
"9-781","Product9","69-2727"
"10-3950","Product10","75-967"
"11-9801","Product11","153-6440"
"12-4602","Product12","23-8023"
"13-6703","Product13","182-3178"
"14-1922","Product14","21-740"
"15-6246","Product15","214-6476"
"16-9640","Product16","61-9978"
"17-8333","Product17","230-6905"
"18-6979","Product18","76-2004"
"19-8885","Product19","51-4503"
"20-5774","Product20","175-4002"
"21-2725","Product21","191-687"
"22-7645","Product22","164-9551"
"23-4795","Product23","165-8871"
"24-8540","Product24","43-8930"
"25-4925","Product25","82-8494"
"26-2715","Product26","95-2113"
"27-6102","Product27","106-1045"
"28-3562","Product28","149-2679"
"29-2341","Product29","110-8990"
"30-9459","Product30","104-6759"
"31-6008","Product31","122-1227"
"32-2083","Product32","229-4334"
"33-9853","Product33","44-9928"
"34-945","Product34","97-6571"
"35-9399","Product35","73-4463"
"36-537","Product36","125-4613"
"37-4055","Product37","85-6025"
"38-2028","Product38","193-7020"
"39-535","Product39","78-3222"
"40-6569","Product40","221-8401"
"41-2073","Product41","85-6025"
"42-2092","Product42","107-9376"
"43-2371","Product43","168-4197"
"44-1288","Product44","225-9632"
"45-1238","Product45","125-4613"
"46-6688","Product46","172-9073"
"47-4931","Product47","223-892"
"48-3457","Product48","58-3725"
"49-1850","Product49","96-4404"
"50-146","Product50","53-3422"
"51-815","Product51","234-5273"
"52-837","Product52","115-708"
"53-9138","Product53","89-8534"
"54-9279","Product54","92-793"
"55-8294","Product55","216-4849"
"56-2287","Product56","213-9460"
"57-4798","Product57","172-9073"
"58-5380","Product58","12-9757"
"59-2846","Product59","171-4242"
"60-8320","Product60","60-3045"
"61-5654","Product61","91-8939"
"62-6205","Product62","77-3348"
"63-3952","Product63","175-4002"
"64-6704","Product64","43-8930"
"65-8125","Product65","195-4225"
"66-3722","Product66","25-5955"
"67-4022","Product67","191-687"
"68-2634","Product68","3-4486"
"69-646","Product69","69-2727"
"70-908","Product70","1-4525"
"71-6980","Product71","205-8102"
"72-9368","Product72","68-3988"
"73-4923","Product73","79-776"
"74-2755","Product74","38-5472"
"75-2686","Product75","132-1611"
"76-6902","Product76","91-8939"
"77-7691","Product77","146-7640"
"78-9550","Product78","26-2626"
"79-4236","Product79","223-892"
"80-7944","Product80","207-723"
"81-1830","Product81","224-8228"
"82-9019","Product82","66-980"
"83-7904","Product83","161-4897"
"84-4377","Product84","228-3069"
"85-6356","Product85","69-2727"
"86-8450","Product86","210-1049"
"87-7122","Product87","192-7644"
"88-6668","Product88","33-243"
"89-4283","Product89","56-4132"
"90-2403","Product90","214-6476"
"91-7172","Product91","185-5873"
"92-8973","Product92","217-2698"
"93-9504","Product93","42-4420"
"94-2100","Product94","23-8023"
"95-4373","Product95","94-2785"
"96-5507","Product96","213-9460"
"97-6500","Product97","202-4757"
"98-8481","Product98","141-6525"
"99-7164","Product99","121-2832"
"100-9803","Product100","201-740"
"101-2796","Product101","227-4955"
"102-6820","Product102","100-7711"
"103-2723","Product103","160-4568"
"104-4795","Product104","20-1252"
"105-4300","Product105","122-1227"
"106-1766","Product106","215-2028"
"107-3484","Product107","125-4613"
"108-3390","Product108","199-6726"
"109-2317","Product109","156-5690"
"110-2533","Product110","215-2028"
"111-7713","Product111","43-8930"
"112-188","Product112","33-243"
"113-9361","Product113","64-2172"
"114-1415","Product114","89-8534"
"115-3092","Product115","60-3045"
"116-6109","Product116","143-5644"
"117-4482","Product117","124-9404"
"118-5504","Product118","3-4486"
"119-162","Product119","128-6907"
"120-8824","Product120","62-3328"
"121-5796","Product121","91-8939"
"122-6152","Product122","39-984"
"123-2155","Product123","180-8369"
"124-3110","Product124","236-1469"
"125-3751","Product125","124-9404"
"126-6144","Product126","36-6282"
"127-3914","Product127","147-6476"
"128-7618","Product128","233-3883"
"129-3180","Product129","145-1525"
"130-6002","Product130","33-243"
"131-6823","Product131","195-4225"
"132-9526","Product132","42-4420"
"133-9666","Product133","59-2566"
"134-1768","Product134","20-1252"
"135-7775","Product135","12-9757"
"136-1884","Product136","37-6621"
"137-6567","Product137","191-687"
"138-5044","Product138","164-9551"
"139-8138","Product139","10-621"
"140-2761","Product140","105-9638"
"141-1951","Product141","106-1045"
"142-1357","Product142","232-2704"
"143-3910","Product143","196-3389"
"144-7993","Product144","107-9376"
"145-332","Product145","67-5012"
"146-3274","Product146","76-2004"
"147-487","Product147","30-899"
"148-3070","Product148","105-9638"
"149-1560","Product149","26-2626"
"150-2155","Product150","189-1074"
"151-2002","Product151","183-1502"
"152-9299","Product152","207-723"
"153-4706","Product153","185-5873"
"154-6985","Product154","173-4278"
"155-6733","Product155","200-1041"
"156-3652","Product156","115-708"
"157-4585","Product157","178-3944"
"158-8112","Product158","134-905"
"159-9176","Product159","23-8023"
"160-3829","Product160","197-9402"
"161-2039","Product161","162-216"
"162-4970","Product162","76-2004"
"163-7198","Product163","167-9628"
"164-2899","Product164","20-1252"
"165-771","Product165","189-1074"
"166-583","Product166","44-9928"
"167-9480","Product167","36-6282"
"168-1557","Product168","182-3178"
"169-1341","Product169","122-1227"
"170-6906","Product170","235-4310"
"171-2593","Product171","43-8930"
"172-8323","Product172","192-7644"
"173-1810","Product173","213-9460"
"174-498","Product174","210-1049"
"175-9894","Product175","68-3988"
"176-2187","Product176","222-3576"
"177-7833","Product177","128-6907"
"178-6186","Product178","18-2304"
"179-9871","Product179","25-5955"
"180-1392","Product180","188-8866"
"181-3184","Product181","184-320"
"182-3891","Product182","128-6907"
"183-4359","Product183","108-3800"
"184-3237","Product184","55-1225"
"185-2549","Product185","140-2762"
"186-8467","Product186","58-3725"
"187-4007","Product187","180-8369"
"188-1996","Product188","179-4881"
"189-2961","Product189","145-1525"
"190-5380","Product190","153-6440"
"191-4139","Product191","4-3124"
"192-7593","Product192","82-8494"
"193-5162","Product193","4-3124"
"194-8531","Product194","162-216"
"195-923","Product195","43-8930"
"196-7174","Product196","0-3731"
"197-816","Product197","22-3132"
"198-7631","Product198","8-2865"
"199-7299","Product199","43-8930"
"200-9425","Product200","175-4002"
"201-4015","Product201","235-4310"
"202-6695","Product202","224-8228"
"203-5366","Product203","195-4225"
"204-7988","Product204","75-967"
"205-672","Product205","155-8474"
"206-4169","Product206","37-6621"
"207-3026","Product207","151-210"
"208-7143","Product208","140-2762"
"209-9539","Product209","199-6726"
"210-1949","Product210","106-1045"
"211-8867","Product211","88-4765"
"212-6865","Product212","60-3045"
"213-6072","Product213","130-7399"
"214-9857","Product214","14-3366"
"215-6102","Product215","177-3622"
"216-9636","Product216","172-9073"
"217-9227","Product217","188-8866"
"218-229","Product218","119-4899"
"219-655","Product219","149-2679"
"220-6203","Product220","218-1084"
"221-1730","Product221","204-1647"
"222-1368","Product222","103-9157"
"223-1271","Product223","27-3389"
"224-5428","Product224","128-6907"
"225-4510","Product225","149-2679"
"226-978","Product226","8-2865"
"227-2095","Product227","61-9978"
"228-9356","Product228","14-3366"
"229-3728","Product229","131-673"
"230-1964","Product230","167-9628"
"231-9215","Product231","235-4310"
"232-2826","Product232","9-8549"
"233-815","Product233","41-3628"
"234-1890","Product234","160-4568"
"235-1436","Product235","13-9119"
"236-5211","Product236","193-7020"
"237-5606","Product237","17-4493"
"238-1791","Product238","51-4503"
"239-3023","Product239","7-7138"
"240-1377","Product240","51-4503"
"241-47","Product241","6-1824"
"242-3569","Product242","232-2704"
"243-8548","Product243","83-3244"
"244-8473","Product244","60-3045"
"245-2830","Product245","128-6907"
"246-8242","Product246","229-4334"
"247-3343","Product247","222-3576"
"248-1160","Product248","71-4378"
"249-2468","Product249","230-6905"
"250-8969","Product250","221-8401"
"251-377","Product251","49-6528"
"252-825","Product252","187-7819"
"253-7932","Product253","186-4066"
"254-4421","Product254","221-8401"
"255-5796","Product255","84-8811"
"256-5924","Product256","140-2762"
"257-4785","Product257","159-6226"
"258-7409","Product258","26-2626"
"259-5713","Product259","208-5725"
"260-4998","Product260","17-4493"
"261-6002","Product261","24-4968"
"262-8629","Product262","98-4573"
"263-6418","Product263","90-1889"
"264-4829","Product264","29-7868"
"265-158","Product265","186-4066"
"266-4677","Product266","89-8534"
"267-1022","Product267","30-899"
"268-8853","Product268","193-7020"
"269-5778","Product269","215-2028"
"270-3440","Product270","173-4278"
"271-9751","Product271","221-8401"
"272-3483","Product272","227-4955"
"273-8442","Product273","211-7283"
"274-4538","Product274","2-8824"
"275-3194","Product275","57-538"
"276-8225","Product276","169-2824"
"277-9696","Product277","166-2620"
"278-2856","Product278","101-5112"
"279-6776","Product279","112-4551"
"280-2723","Product280","76-2004"
"281-1172","Product281","118-6372"
"282-6164","Product282","231-4063"
"283-1129","Product283","124-9404"
"284-1851","Product284","51-4503"
"285-7316","Product285","212-7200"
"286-8344","Product286","219-2754"
"287-1886","Product287","128-6907"
"288-3905","Product288","34-4365"
"289-9550","Product289","32-8344"
"290-8264","Product290","123-5924"
"291-2698","Product291","117-9452"
"292-5256","Product292","110-8990"
"293-9926","Product293","193-7020"
"294-1140","Product294","134-905"
"295-6315","Product295","130-7399"
"296-8800","Product296","229-4334"
"297-8844","Product297","14-3366"
"298-3721","Product298","86-1669"
"299-9621","Product299","58-3725"
"300-2999","Product300","78-3222"
"301-1608","Product301","32-8344"
"302-8361","Product302","236-1469"
"303-1446","Product303","170-6133"
"304-9496","Product304","21-740"
"305-3800","Product305","36-6282"
"306-3131","Product306","218-1084"
"307-8229","Product307","69-2727"
"308-671","Product308","108-3800"
"309-7154","Product309","46-741"
"310-5032","Product310","86-1669"
"311-712","Product311","161-4897"
"312-3757","Product312","35-7157"
"313-4624","Product313","227-4955"
"314-3640","Product314","143-5644"
"315-5893","Product315","225-9632"
"316-3850","Product316","52-5534"
"317-2781","Product317","128-6907"
"318-4789","Product318","133-9405"
"319-2652","Product319","21-740"
"320-1926","Product320","101-5112"
"321-1553","Product321","33-243"
"322-5510","Product322","210-1049"
"323-4553","Product323","60-3045"
"324-4265","Product324","158-8645"
"325-5554","Product325","191-687"
"326-6157","Product326","180-8369"
"327-9328","Product327","180-8369"
"328-8013","Product328","126-2311"
"329-69","Product329","125-4613"
"330-7297","Product330","197-9402"
"331-1684","Product331","221-8401"
"332-9277","Product332","82-8494"
"333-2939","Product333","91-8939"
"334-7613","Product334","202-4757"
"335-4622","Product335","170-6133"
"336-6502","Product336","210-1049"
"337-4744","Product337","23-8023"
"338-1534","Product338","20-1252"
"339-9856","Product339","63-9806"
"340-6420","Product340","33-243"
"341-2483","Product341","228-3069"
"342-3297","Product342","67-5012"
"343-8681","Product343","33-243"
"344-6955","Product344","226-4988"
"345-6654","Product345","208-5725"
"346-1737","Product346","34-4365"
"347-3646","Product347","223-892"
"348-6421","Product348","86-1669"
"349-5961","Product349","81-1224"
"350-3556","Product350","166-2620"
"351-5525","Product351","164-9551"
"352-9692","Product352","95-2113"
"353-6598","Product353","180-8369"
"354-3285","Product354","229-4334"
"355-4604","Product355","117-9452"
"356-4057","Product356","199-6726"
"357-6051","Product357","29-7868"
"358-649","Product358","222-3576"
"359-1381","Product359","144-9622"
"360-6145","Product360","61-9978"
"361-4000","Product361","161-4897"
"362-1195","Product362","127-8277"
"363-2806","Product363","171-4242"
"364-712","Product364","169-2824"
"365-9359","Product365","185-5873"
"366-8192","Product366","169-2824"
"367-9041","Product367","67-5012"
"368-3303","Product368","28-9892"
"369-8695","Product369","126-2311"
"370-675","Product370","231-4063"
"371-4638","Product371","234-5273"
"372-3446","Product372","78-3222"
"373-7727","Product373","234-5273"
"374-6350","Product374","176-9750"
"375-7038","Product375","209-4042"
"376-1283","Product376","22-3132"
"377-5431","Product377","19-3470"
"378-697","Product378","35-7157"
"379-5229","Product379","170-6133"
"380-6121","Product380","71-4378"
"381-1461","Product381","181-4970"
"382-8468","Product382","59-2566"
"383-8637","Product383","107-9376"
"384-5404","Product384","81-1224"
"385-1403","Product385","231-4063"
"386-2356","Product386","213-9460"
"387-1180","Product387","217-2698"
"388-8675","Product388","210-1049"
"389-6809","Product389","48-7520"
"390-976","Product390","126-2311"
"391-2485","Product391","221-8401"
"392-2158","Product392","41-3628"
"393-7458","Product393","136-9464"
"394-7857","Product394","56-4132"
"395-5123","Product395","184-320"
"396-8802","Product396","128-6907"
"397-6265","Product397","135-8711"
"398-8712","Product398","51-4503"
"399-5118","Product399","30-899"
"400-3795","Product400","6-1824"
"401-8016","Product401","21-740"
"402-6561","Product402","228-3069"
"403-695","Product403","52-5534"
"404-1544","Product404","96-4404"
"405-9288","Product405","112-4551"
"406-4603","Product406","144-9622"
"407-6891","Product407","124-9404"
"408-3386","Product408","51-4503"
"409-3648","Product409","16-157"
"410-5855","Product410","148-4885"
"411-9612","Product411","188-8866"
"412-3356","Product412","62-3328"
"413-4573","Product413","78-3222"
"414-2912","Product414","191-687"
"415-7008","Product415","141-6525"
"416-709","Product416","24-4968"
"417-2538","Product417","200-1041"
"418-3890","Product418","218-1084"
"419-4598","Product419","42-4420"
"420-1508","Product420","152-1713"
"421-656","Product421","56-4132"
"422-6589","Product422","40-4048"
"423-1876","Product423","52-5534"
"424-981","Product424","27-3389"
"425-7678","Product425","28-9892"
"426-437","Product426","73-4463"
"427-3309","Product427","143-5644"
"428-3212","Product428","221-8401"
"429-288","Product429","20-1252"
"430-7930","Product430","83-3244"
"431-4328","Product431","193-7020"
"432-148","Product432","142-9626"
"433-5783","Product433","97-6571"
"434-9821","Product434","158-8645"
"435-807","Product435","39-984"
"436-5367","Product436","3-4486"
"437-1879","Product437","172-9073"
"438-8866","Product438","9-8549"
"439-918","Product439","42-4420"
"440-6700","Product440","67-5012"
"441-4792","Product441","19-3470"
"442-3053","Product442","8-2865"
"443-6280","Product443","135-8711"
"444-8201","Product444","86-1669"
"445-4496","Product445","39-984"
"446-5735","Product446","58-3725"
"447-3392","Product447","150-7567"
"448-8112","Product448","96-4404"
"449-881","Product449","192-7644"
"450-9060","Product450","37-6621"
"451-3199","Product451","58-3725"
"452-1567","Product452","142-9626"
"453-8191","Product453","158-8645"
"454-6344","Product454","47-7995"
"455-6199","Product455","29-7868"
"456-3981","Product456","22-3132"
"457-5617","Product457","87-2894"
"458-5580","Product458","32-8344"
"459-1371","Product459","55-1225"
"460-480","Product460","100-7711"
"461-5613","Product461","106-1045"
"462-8809","Product462","70-6994"
"463-1536","Product463","30-899"
"464-3229","Product464","151-210"
"465-1867","Product465","33-243"
"466-6978","Product466","188-8866"
"467-9215","Product467","122-1227"
"468-6780","Product468","0-3731"
"469-7611","Product469","8-2865"
"470-5907","Product470","202-4757"
"471-9126","Product471","49-6528"
"472-1545","Product472","43-8930"
"473-4218","Product473","151-210"
"474-5619","Product474","214-6476"
"475-6819","Product475","56-4132"
"476-3804","Product476","163-7053"
"477-6055","Product477","128-6907"
"478-4264","Product478","111-5725"
"479-4657","Product479","159-6226"
"480-3117","Product480","4-3124"
"481-8072","Product481","162-216"
"482-6542","Product482","73-4463"
"483-5081","Product483","198-7218"
"484-2264","Product484","20-1252"
"485-6302","Product485","35-7157"
"486-5113","Product486","183-1502"
"487-8670","Product487","19-3470"
"488-4317","Product488","184-320"
"489-7559","Product489","144-9622"
"490-4932","Product490","121-2832"
"491-4405","Product491","176-9750"
"492-7429","Product492","44-9928"
"493-7878","Product493","19-3470"
"494-6091","Product494","103-9157"
"495-7042","Product495","74-7609"
"496-2693","Product496","66-980"
"497-1709","Product497","55-1225"
"498-5919","Product498","90-1889"
"499-5303","Product499","43-8930"
"500-3215","Product500","44-9928"
"501-2504","Product501","30-899"
"502-8639","Product502","59-2566"
"503-5878","Product503","123-5924"
"504-339","Product504","87-2894"
"505-4426","Product505","46-741"
"506-631","Product506","146-7640"
"507-969","Product507","144-9622"
"508-6413","Product508","141-6525"
"509-5625","Product509","153-6440"
"510-5513","Product510","173-4278"
"511-4676","Product511","42-4420"
"512-1717","Product512","14-3366"
"513-4458","Product513","220-5945"
"514-2871","Product514","131-673"
"515-5045","Product515","167-9628"
"516-246","Product516","7-7138"
"517-9267","Product517","29-7868"
"518-6854","Product518","46-741"
"519-2032","Product519","31-7681"
"520-7999","Product520","18-2304"
"521-5239","Product521","189-1074"
"522-6063","Product522","172-9073"
"523-7236","Product523","99-6062"
"524-3426","Product524","148-4885"
"525-7078","Product525","235-4310"
"526-7299","Product526","119-4899"
"527-2249","Product527","109-621"
"528-9066","Product528","96-4404"
"529-1981","Product529","183-1502"
"530-8305","Product530","188-8866"
"531-7518","Product531","178-3944"
"532-5053","Product532","136-9464"
"533-1419","Product533","221-8401"
"534-8820","Product534","62-3328"
"535-7947","Product535","43-8930"
"536-6661","Product536","217-2698"
"537-8440","Product537","66-980"
"538-3516","Product538","116-1690"
"539-5364","Product539","222-3576"
"540-6042","Product540","54-2688"
"541-6431","Product541","134-905"
"542-5397","Product542","85-6025"
"543-1504","Product543","163-7053"
"544-4475","Product544","194-7854"
"545-733","Product545","56-4132"
"546-5115","Product546","5-4071"
"547-8323","Product547","69-2727"
"548-4061","Product548","145-1525"
"549-291","Product549","128-6907"
"550-2136","Product550","44-9928"
"551-2743","Product551","182-3178"
"552-1696","Product552","234-5273"
"553-8321","Product553","86-1669"
"554-9072","Product554","198-7218"
"555-8041","Product555","151-210"
"556-3773","Product556","134-905"
"557-5440","Product557","225-9632"
"558-5826","Product558","168-4197"
"559-3986","Product559","137-3975"
"560-394","Product560","194-7854"
"561-9932","Product561","179-4881"
"562-8757","Product562","94-2785"
"563-9453","Product563","71-4378"
"564-2913","Product564","80-8559"
"565-8241","Product565","103-9157"
"566-9484","Product566","93-2181"
"567-3466","Product567","110-8990"
"568-9480","Product568","28-9892"
"569-6958","Product569","124-9404"
"570-2116","Product570","2-8824"
"571-2450","Product571","21-740"
"572-5516","Product572","71-4378"
"573-2078","Product573","84-8811"
"574-9780","Product574","186-4066"
"575-6675","Product575","95-2113"
"576-9747","Product576","63-9806"
"577-585","Product577","185-5873"
"578-654","Product578","141-6525"
"579-6170","Product579","122-1227"
"580-6626","Product580","27-3389"
"581-7613","Product581","196-3389"
"582-2509","Product582","235-4310"
"583-404","Product583","103-9157"
"584-1634","Product584","220-5945"
"585-5219","Product585","60-3045"
"586-547","Product586","121-2832"
"587-7733","Product587","171-4242"
"588-3972","Product588","160-4568"
"589-6537","Product589","102-3541"
"590-8287","Product590","172-9073"
"591-725","Product591","50-3448"
"592-1324","Product592","113-8823"
"593-8345","Product593","70-6994"
"594-3848","Product594","235-4310"
"595-1933","Product595","99-6062"
"596-4142","Product596","65-5973"
"597-559","Product597","3-4486"
"598-8580","Product598","54-2688"
"599-1389","Product599","86-1669"
"600-9660","Product600","213-9460"
"601-2392","Product601","185-5873"
"602-9358","Product602","61-9978"
"603-9435","Product603","233-3883"
"604-8694","Product604","75-967"
"605-9253","Product605","142-9626"
"606-7679","Product606","19-3470"
"607-4691","Product607","188-8866"
"608-2619","Product608","233-3883"
"609-6046","Product609","31-7681"
"610-1","Product610","166-2620"
"611-4808","Product611","202-4757"
"612-7477","Product612","21-740"
"613-4413","Product613","116-1690"
"614-4808","Product614","227-4955"
"615-3467","Product615","48-7520"
"616-152","Product616","75-967"
"617-728","Product617","206-9349"
"618-1243","Product618","48-7520"
"619-4512","Product619","192-7644"
"620-4815","Product620","156-5690"
"621-1939","Product621","36-6282"
"622-2383","Product622","19-3470"
"623-5630","Product623","115-708"
"624-3521","Product624","113-8823"
"625-7065","Product625","34-4365"
"626-6171","Product626","8-2865"
"627-4843","Product627","174-6332"
"628-2410","Product628","79-776"
"629-1207","Product629","45-3362"
"630-4087","Product630","43-8930"
"631-6977","Product631","77-3348"
"632-6467","Product632","118-6372"
"633-3620","Product633","45-3362"
"634-4852","Product634","192-7644"
"635-1382","Product635","103-9157"
"636-2467","Product636","213-9460"
"637-7369","Product637","223-892"
"638-8107","Product638","54-2688"
"639-238","Product639","91-8939"
"640-4071","Product640","14-3366"
"641-7615","Product641","13-9119"
"642-1492","Product642","112-4551"
"643-501","Product643","127-8277"
"644-7065","Product644","33-243"
"645-1660","Product645","235-4310"
"646-947","Product646","50-3448"
"647-4693","Product647","25-5955"
"648-2452","Product648","207-723"
"649-9398","Product649","184-320"
"650-5215","Product650","227-4955"
"651-5128","Product651","205-8102"
"652-6500","Product652","204-1647"
"653-4618","Product653","151-210"
"654-7059","Product654","7-7138"
"655-4871","Product655","10-621"
"656-3921","Product656","44-9928"
"657-4524","Product657","61-9978"
"658-8643","Product658","2-8824"
"659-9990","Product659","12-9757"
"660-8566","Product660","47-7995"
"661-1685","Product661","23-8023"
"662-1598","Product662","220-5945"
"663-5043","Product663","193-7020"
"664-2589","Product664","8-2865"
"665-9476","Product665","88-4765"
"666-1616","Product666","143-5644"
"667-7031","Product667","50-3448"
"668-1071","Product668","165-8871"
"669-2256","Product669","66-980"
"670-5452","Product670","232-2704"
"671-138","Product671","14-3366"
"672-2661","Product672","118-6372"
"673-1478","Product673","225-9632"
"674-3184","Product674","139-8037"
"675-5009","Product675","145-1525"
"676-3572","Product676","212-7200"
"677-197","Product677","109-621"
"678-3805","Product678","207-723"
"679-648","Product679","61-9978"
"680-6926","Product680","105-9638"
"681-2470","Product681","10-621"
"682-6343","Product682","26-2626"
"683-2179","Product683","110-8990"
"684-2994","Product684","173-4278"
"685-5430","Product685","0-3731"
"686-8051","Product686","232-2704"
"687-2134","Product687","231-4063"
"688-8785","Product688","59-2566"
"689-5440","Product689","204-1647"
"690-6581","Product690","13-9119"
"691-8410","Product691","30-899"
"692-4773","Product692","229-4334"
"693-7755","Product693","121-2832"
"694-4482","Product694","165-8871"
"695-8843","Product695","168-4197"
"696-2808","Product696","115-708"
"697-1389","Product697","125-4613"
"698-5728","Product698","63-9806"
"699-4533","Product699","155-8474"
"700-4609","Product700","117-9452"
"701-8260","Product701","187-7819"
"702-1663","Product702","236-1469"
"703-4916","Product703","145-1525"
"704-445","Product704","150-7567"
"705-7000","Product705","35-7157"
"706-3233","Product706","80-8559"
"707-510","Product707","71-4378"
"708-4614","Product708","136-9464"
"709-5108","Product709","170-6133"
"710-6658","Product710","138-9293"
"711-6602","Product711","100-7711"
"712-9163","Product712","98-4573"
"713-8286","Product713","24-4968"
"714-1","Product714","15-6199"
"715-2285","Product715","203-8051"
"716-4580","Product716","215-2028"
"717-9792","Product717","191-687"
"718-4654","Product718","177-3622"
"719-1223","Product719","58-3725"
"720-5015","Product720","29-7868"
"721-3834","Product721","60-3045"
"722-6989","Product722","174-6332"
"723-637","Product723","54-2688"
"724-5257","Product724","166-2620"
"725-6296","Product725","83-3244"
"726-8477","Product726","171-4242"
"727-7475","Product727","100-7711"
"728-7368","Product728","163-7053"
"729-6417","Product729","105-9638"
"730-2227","Product730","196-3389"
"731-9295","Product731","129-6909"
"732-5554","Product732","197-9402"
"733-5559","Product733","109-621"
"734-5140","Product734","108-3800"
"735-6450","Product735","207-723"
"736-2501","Product736","102-3541"
"737-68","Product737","162-216"
"738-1959","Product738","148-4885"
"739-9347","Product739","0-3731"
"740-2571","Product740","220-5945"
"741-8532","Product741","47-7995"
"742-1380","Product742","17-4493"
"743-484","Product743","12-9757"
"744-1611","Product744","173-4278"
"745-2541","Product745","219-2754"
"746-289","Product746","200-1041"
"747-5027","Product747","141-6525"
"748-1441","Product748","202-4757"
"749-2363","Product749","157-2665"
"750-8913","Product750","212-7200"
"751-6133","Product751","10-621"
"752-4748","Product752","192-7644"
"753-4160","Product753","71-4378"
"754-629","Product754","65-5973"
"755-402","Product755","34-4365"
"756-3873","Product756","204-1647"
"757-4694","Product757","135-8711"
"758-4287","Product758","70-6994"
"759-914","Product759","211-7283"
"760-2207","Product760","144-9622"
"761-314","Product761","32-8344"
"762-5586","Product762","126-2311"
"763-2280","Product763","66-980"
"764-6200","Product764","156-5690"
"765-6592","Product765","125-4613"
"766-5649","Product766","235-4310"
"767-4954","Product767","169-2824"
"768-2708","Product768","98-4573"
"769-4505","Product769","183-1502"
"770-9895","Product770","8-2865"
"771-2827","Product771","68-3988"
"772-1627","Product772","178-3944"
"773-6298","Product773","87-2894"
"774-3975","Product774","78-3222"
"775-7507","Product775","195-4225"
"776-8529","Product776","48-7520"
"777-1963","Product777","200-1041"
"778-8628","Product778","49-6528"
"779-2442","Product779","1-4525"
"780-5737","Product780","210-1049"
"781-8916","Product781","99-6062"
"782-1214","Product782","116-1690"
"783-1384","Product783","116-1690"
"784-2752","Product784","126-2311"
"785-9850","Product785","106-1045"
"786-4843","Product786","227-4955"
"787-2547","Product787","161-4897"
"788-9189","Product788","125-4613"
"789-6921","Product789","69-2727"
"790-8178","Product790","66-980"
"791-8990","Product791","209-4042"
"792-9809","Product792","99-6062"
"793-9869","Product793","89-8534"
"794-6132","Product794","220-5945"
"795-1654","Product795","29-7868"
"796-5242","Product796","68-3988"
"797-2607","Product797","216-4849"
"798-1388","Product798","34-4365"
"799-3892","Product799","181-4970"
"800-3304","Product800","168-4197"
"801-9756","Product801","104-6759"
"802-5585","Product802","233-3883"
"803-8744","Product803","106-1045"
"804-4196","Product804","120-3058"
"805-4187","Product805","82-8494"
"806-5040","Product806","180-8369"
"807-202","Product807","117-9452"
"808-7058","Product808","144-9622"
"809-7686","Product809","236-1469"
"810-9483","Product810","137-3975"
"811-5927","Product811","144-9622"
"812-3036","Product812","41-3628"
"813-1749","Product813","61-9978"
"814-5234","Product814","151-210"
"815-7658","Product815","60-3045"
"816-1300","Product816","49-6528"
"817-7928","Product817","175-4002"
"818-7680","Product818","21-740"
"819-5634","Product819","70-6994"
"820-5213","Product820","181-4970"
"821-3748","Product821","119-4899"
"822-5573","Product822","45-3362"
"823-1531","Product823","107-9376"
"824-830","Product824","28-9892"
"825-9079","Product825","218-1084"
"826-5394","Product826","102-3541"
"827-4940","Product827","94-2785"
"828-6910","Product828","103-9157"
"829-6062","Product829","79-776"
"830-3022","Product830","179-4881"
"831-5889","Product831","75-967"
"832-8789","Product832","153-6440"
"833-7144","Product833","75-967"
"834-2272","Product834","75-967"
"835-3644","Product835","80-8559"
"836-3435","Product836","134-905"
"837-9073","Product837","126-2311"
"838-2121","Product838","101-5112"
"839-4716","Product839","231-4063"
"840-9162","Product840","36-6282"
"841-5402","Product841","22-3132"
"842-9265","Product842","50-3448"
"843-7895","Product843","68-3988"
"844-5118","Product844","68-3988"
"845-8915","Product845","70-6994"
"846-2496","Product846","7-7138"
"847-2299","Product847","141-6525"
"848-9446","Product848","88-4765"
"849-9030","Product849","178-3944"
"850-7020","Product850","41-3628"
"851-2887","Product851","46-741"
"852-9838","Product852","209-4042"
"853-6211","Product853","66-980"
"854-9120","Product854","6-1824"
"855-6545","Product855","113-8823"
"856-1912","Product856","30-899"
"857-6488","Product857","138-9293"
"858-3108","Product858","149-2679"
"859-6348","Product859","190-6545"
"860-7509","Product860","197-9402"
"861-2745","Product861","117-9452"
"862-9201","Product862","50-3448"
"863-9951","Product863","115-708"
"864-7938","Product864","109-621"
"865-8829","Product865","123-5924"
"866-7571","Product866","197-9402"
"867-4793","Product867","50-3448"
"868-6302","Product868","221-8401"
"869-7019","Product869","105-9638"
"870-2975","Product870","150-7567"
"871-9879","Product871","141-6525"
"872-7722","Product872","230-6905"
"873-9707","Product873","165-8871"
"874-7333","Product874","27-3389"
"875-6173","Product875","78-3222"
"876-6361","Product876","2-8824"
"877-248","Product877","173-4278"
"878-5953","Product878","193-7020"
"879-5506","Product879","55-1225"
"880-6168","Product880","55-1225"
"881-6973","Product881","174-6332"
"882-1942","Product882","170-6133"
"883-6067","Product883","130-7399"
"884-1648","Product884","53-3422"
"885-7087","Product885","71-4378"
"886-5725","Product886","123-5924"
"887-9379","Product887","187-7819"
"888-9295","Product888","8-2865"
"889-3635","Product889","62-3328"
"890-8026","Product890","7-7138"
"891-6410","Product891","177-3622"
"892-2296","Product892","170-6133"
"893-3994","Product893","235-4310"
"894-270","Product894","127-8277"
"895-6675","Product895","91-8939"
"896-9352","Product896","235-4310"
"897-4938","Product897","63-9806"
"898-9909","Product898","71-4378"
"899-8041","Product899","172-9073"
"900-9283","Product900","226-4988"
"901-1109","Product901","90-1889"
"902-9577","Product902","225-9632"
"903-2044","Product903","88-4765"
"904-2810","Product904","56-4132"
"905-5164","Product905","155-8474"
"906-9480","Product906","112-4551"
"907-2750","Product907","220-5945"
"908-1861","Product908","87-2894"
"909-3078","Product909","83-3244"
"910-9528","Product910","117-9452"
"911-5727","Product911","187-7819"
"912-4589","Product912","199-6726"
"913-5879","Product913","136-9464"
"914-2107","Product914","104-6759"
"915-6970","Product915","235-4310"
"916-7393","Product916","29-7868"
"917-9061","Product917","102-3541"
"918-444","Product918","111-5725"
"919-3118","Product919","0-3731"
"920-3017","Product920","178-3944"
"921-5933","Product921","146-7640"
"922-58","Product922","176-9750"
"923-5060","Product923","232-2704"
"924-9060","Product924","196-3389"
"925-2073","Product925","132-1611"
"926-3074","Product926","215-2028"
"927-3446","Product927","95-2113"
"928-171","Product928","198-7218"
"929-9563","Product929","108-3800"
"930-8456","Product930","91-8939"
"931-1233","Product931","231-4063"
"932-4605","Product932","77-3348"
"933-3084","Product933","152-1713"
"934-1217","Product934","146-7640"
"935-7967","Product935","125-4613"
"936-9814","Product936","60-3045"
"937-8231","Product937","82-8494"
"938-8084","Product938","141-6525"
"939-3456","Product939","158-8645"
"940-2418","Product940","81-1224"
"941-4841","Product941","149-2679"
"942-7742","Product942","2-8824"
"943-8501","Product943","11-3664"
"944-9097","Product944","105-9638"
"945-167","Product945","67-5012"
"946-296","Product946","20-1252"
"947-9571","Product947","6-1824"
"948-5632","Product948","8-2865"
"949-3397","Product949","4-3124"
"950-9586","Product950","45-3362"
"951-1751","Product951","231-4063"
"952-1687","Product952","173-4278"
"953-7508","Product953","196-3389"
"954-3972","Product954","147-6476"
"955-5831","Product955","152-1713"
"956-7049","Product956","213-9460"
"957-2810","Product957","153-6440"
"958-1970","Product958","61-9978"
"959-317","Product959","225-9632"
"960-4368","Product960","79-776"
"961-9170","Product961","182-3178"
"962-4257","Product962","4-3124"
"963-1529","Product963","7-7138"
"964-4771","Product964","72-7229"
"965-8614","Product965","82-8494"
"966-9635","Product966","155-8474"
"967-2540","Product967","104-6759"
"968-5287","Product968","218-1084"
"969-4734","Product969","121-2832"
"970-5959","Product970","71-4378"
"971-2979","Product971","192-7644"
"972-1879","Product972","32-8344"
"973-9180","Product973","215-2028"
"974-4653","Product974","45-3362"
"975-5166","Product975","220-5945"
"976-8052","Product976","4-3124"
"977-2119","Product977","39-984"
"978-4376","Product978","217-2698"
"979-5263","Product979","104-6759"
"980-9353","Product980","136-9464"
"981-2097","Product981","143-5644"
"982-3327","Product982","216-4849"
"983-2250","Product983","105-9638"
"984-9671","Product984","133-9405"
"985-7675","Product985","179-4881"
"986-4264","Product986","167-9628"
"987-9275","Product987","143-5644"
"988-3432","Product988","56-4132"
"989-5510","Product989","83-3244"
"990-8248","Product990","144-9622"
"991-2148","Product991","219-2754"
"992-2350","Product992","166-2620"
"993-7417","Product993","7-7138"
"994-4254","Product994","140-2762"
"995-6517","Product995","36-6282"
"996-7643","Product996","35-7157"
"997-1822","Product997","125-4613"
"998-7333","Product998","37-6621"
"999-9452","Product999","95-2113"
